{
  "hash": "cd466b87",
  "configHash": "186b5fb1",
  "lockfileHash": "f683ef04",
  "browserHash": "ecf8c8da",
  "optimized": {
    "@angular/common": {
      "src": "../../../../../node_modules/@angular/common/fesm2022/common.mjs",
      "file": "@angular_common.js",
      "fileHash": "64916afd",
      "needsInterop": false
    },
    "@angular/common/http": {
      "src": "../../../../../node_modules/@angular/common/fesm2022/http.mjs",
      "file": "@angular_common_http.js",
      "fileHash": "539176a2",
      "needsInterop": false
    },
    "@angular/core": {
      "src": "../../../../../node_modules/@angular/core/fesm2022/core.mjs",
      "file": "@angular_core.js",
      "fileHash": "db62c8af",
      "needsInterop": false
    },
    "@angular/forms": {
      "src": "../../../../../node_modules/@angular/forms/fesm2022/forms.mjs",
      "file": "@angular_forms.js",
      "fileHash": "a918a3ad",
      "needsInterop": false
    },
    "@angular/platform-browser": {
      "src": "../../../../../node_modules/@angular/platform-browser/fesm2022/platform-browser.mjs",
      "file": "@angular_platform-browser.js",
      "fileHash": "596f1e7d",
      "needsInterop": false
    },
    "@angular/platform-browser/animations/async": {
      "src": "../../../../../node_modules/@angular/platform-browser/fesm2022/animations/async.mjs",
      "file": "@angular_platform-browser_animations_async.js",
      "fileHash": "96bac75a",
      "needsInterop": false
    },
    "@angular/router": {
      "src": "../../../../../node_modules/@angular/router/fesm2022/router.mjs",
      "file": "@angular_router.js",
      "fileHash": "bfc04ade",
      "needsInterop": false
    }
  },
  "chunks": {
    "chunk-GYZF2YTZ": {
      "file": "chunk-GYZF2YTZ.js"
    },
    "chunk-J3TLDH52": {
      "file": "chunk-J3TLDH52.js"
    },
    "browser-FUJPKV65": {
      "file": "browser-FUJPKV65.js"
    },
    "chunk-H4MSFGPA": {
      "file": "chunk-H4MSFGPA.js"
    },
    "chunk-AMIGZ4PN": {
      "file": "chunk-AMIGZ4PN.js"
    }
  }
}